{"cameraMode":{"drawMode":0,"name":"Shaded","section":"Shading Mode"},"sceneLighting":true,"audioPlay":false,"sceneViewState":{"m_AlwaysRefresh":false,"showFog":true,"showSkybox":true,"showFlares":true,"showImageEffects":true,"showParticleSystems":true,"showVisualEffectGraphs":true,"m_FxEnabled":true},"in2DMode":false,"pivot":{"x":1.1001583337783814,"y":1.0549554824829102,"z":-7.067016124725342},"rotation":{"x":0.33032718300819399,"y":0.17555299401283265,"z":-0.06267482042312622,"w":0.9252854585647583},"size":4.5437703132629398,"orthographic":true}